Question,Answer
What are the symptoms of COVID-19?,"Symptoms include fever, cough, and difficulty breathing."
How can I book an appointment with a specialist?,You can book an appointment online or call our helpline.
What insurance plans do you accept?,We accept most major insurance providers. Please contact us for details.
What is your return policy?,Our return policy allows returns within 30 days of purchase.
How can I track my order?,You can track your order using the tracking ID sent to your email.
Are there any ongoing discounts or offers?,"Yes, visit our website to check the latest offers."
How can I activate a new SIM card?,"To activate a SIM, insert it and follow the activation instructions."
What should I do if my internet connection is slow?,Try restarting your router or contacting our support team.
How can I upgrade my data plan?,Visit our website or call customer care to upgrade your plan.
How do I apply for a personal loan?,You can apply online or visit the nearest branch.
What are the current interest rates for savings accounts?,The interest rate for savings accounts is 3.5% annually.
How can I block a lost credit card?,Call our hotline or use the banking app to block your card.
What are the symptoms of COVID-19?,"Symptoms include fever, cough, and difficulty breathing."
How can I book an appointment with a specialist?,You can book an appointment online or call our helpline.
What insurance plans do you accept?,We accept most major insurance providers. Please contact us for details.
What is your return policy?,Our return policy allows returns within 30 days of purchase.
How can I track my order?,You can track your order using the tracking ID sent to your email.
Are there any ongoing discounts or offers?,"Yes, visit our website to check the latest offers."
How can I activate a new SIM card?,"To activate a SIM, insert it and follow the activation instructions."
What should I do if my internet connection is slow?,Try restarting your router or contacting our support team.
How can I upgrade my data plan?,Visit our website or call customer care to upgrade your plan.
How do I apply for a personal loan?,You can apply online or visit the nearest branch.
What are the current interest rates for savings accounts?,The interest rate for savings accounts is 3.5% annually.
How can I block a lost credit card?,Call our hotline or use the banking app to block your card.
What are the symptoms of COVID-19?,"Symptoms include fever, cough, and difficulty breathing."
How can I book an appointment with a specialist?,You can book an appointment online or call our helpline.
What insurance plans do you accept?,We accept most major insurance providers. Please contact us for details.
What is your return policy?,Our return policy allows returns within 30 days of purchase.
How can I track my order?,You can track your order using the tracking ID sent to your email.
Are there any ongoing discounts or offers?,"Yes, visit our website to check the latest offers."
How can I activate a new SIM card?,"To activate a SIM, insert it and follow the activation instructions."
What should I do if my internet connection is slow?,Try restarting your router or contacting our support team.
How can I upgrade my data plan?,Visit our website or call customer care to upgrade your plan.
How do I apply for a personal loan?,You can apply online or visit the nearest branch.
What are the current interest rates for savings accounts?,The interest rate for savings accounts is 3.5% annually.
How can I block a lost credit card?,Call our hotline or use the banking app to block your card.
What are the symptoms of COVID-19?,"Symptoms include fever, cough, and difficulty breathing."
How can I book an appointment with a specialist?,You can book an appointment online or call our helpline.
What insurance plans do you accept?,We accept most major insurance providers. Please contact us for details.
What is your return policy?,Our return policy allows returns within 30 days of purchase.
How can I track my order?,You can track your order using the tracking ID sent to your email.
Are there any ongoing discounts or offers?,"Yes, visit our website to check the latest offers."
How can I activate a new SIM card?,"To activate a SIM, insert it and follow the activation instructions."
What should I do if my internet connection is slow?,Try restarting your router or contacting our support team.
How can I upgrade my data plan?,Visit our website or call customer care to upgrade your plan.
How do I apply for a personal loan?,You can apply online or visit the nearest branch.
What are the current interest rates for savings accounts?,The interest rate for savings accounts is 3.5% annually.
How can I block a lost credit card?,Call our hotline or use the banking app to block your card.
What are the symptoms of COVID-19?,"Symptoms include fever, cough, and difficulty breathing."
How can I book an appointment with a specialist?,You can book an appointment online or call our helpline.
What insurance plans do you accept?,We accept most major insurance providers. Please contact us for details.
What is your return policy?,Our return policy allows returns within 30 days of purchase.
How can I track my order?,You can track your order using the tracking ID sent to your email.
Are there any ongoing discounts or offers?,"Yes, visit our website to check the latest offers."
How can I activate a new SIM card?,"To activate a SIM, insert it and follow the activation instructions."
What should I do if my internet connection is slow?,Try restarting your router or contacting our support team.
How can I upgrade my data plan?,Visit our website or call customer care to upgrade your plan.
How do I apply for a personal loan?,You can apply online or visit the nearest branch.
What are the current interest rates for savings accounts?,The interest rate for savings accounts is 3.5% annually.
How can I block a lost credit card?,Call our hotline or use the banking app to block your card.
What are the symptoms of COVID-19?,"Symptoms include fever, cough, and difficulty breathing."
How can I book an appointment with a specialist?,You can book an appointment online or call our helpline.
What insurance plans do you accept?,We accept most major insurance providers. Please contact us for details.
What is your return policy?,Our return policy allows returns within 30 days of purchase.
How can I track my order?,You can track your order using the tracking ID sent to your email.
Are there any ongoing discounts or offers?,"Yes, visit our website to check the latest offers."
How can I activate a new SIM card?,"To activate a SIM, insert it and follow the activation instructions."
What should I do if my internet connection is slow?,Try restarting your router or contacting our support team.
How can I upgrade my data plan?,Visit our website or call customer care to upgrade your plan.
How do I apply for a personal loan?,You can apply online or visit the nearest branch.
What are the current interest rates for savings accounts?,The interest rate for savings accounts is 3.5% annually.
How can I block a lost credit card?,Call our hotline or use the banking app to block your card.
What are the symptoms of COVID-19?,"Symptoms include fever, cough, and difficulty breathing."
How can I book an appointment with a specialist?,You can book an appointment online or call our helpline.
What insurance plans do you accept?,We accept most major insurance providers. Please contact us for details.
What is your return policy?,Our return policy allows returns within 30 days of purchase.
How can I track my order?,You can track your order using the tracking ID sent to your email.
Are there any ongoing discounts or offers?,"Yes, visit our website to check the latest offers."
How can I activate a new SIM card?,"To activate a SIM, insert it and follow the activation instructions."
What should I do if my internet connection is slow?,Try restarting your router or contacting our support team.
How can I upgrade my data plan?,Visit our website or call customer care to upgrade your plan.
How do I apply for a personal loan?,You can apply online or visit the nearest branch.
What are the current interest rates for savings accounts?,The interest rate for savings accounts is 3.5% annually.
How can I block a lost credit card?,Call our hotline or use the banking app to block your card.
What are the symptoms of COVID-19?,"Symptoms include fever, cough, and difficulty breathing."
How can I book an appointment with a specialist?,You can book an appointment online or call our helpline.
What insurance plans do you accept?,We accept most major insurance providers. Please contact us for details.
What is your return policy?,Our return policy allows returns within 30 days of purchase.
How can I track my order?,You can track your order using the tracking ID sent to your email.
Are there any ongoing discounts or offers?,"Yes, visit our website to check the latest offers."
How can I activate a new SIM card?,"To activate a SIM, insert it and follow the activation instructions."
What should I do if my internet connection is slow?,Try restarting your router or contacting our support team.
How can I upgrade my data plan?,Visit our website or call customer care to upgrade your plan.
How do I apply for a personal loan?,You can apply online or visit the nearest branch.
What are the current interest rates for savings accounts?,The interest rate for savings accounts is 3.5% annually.
How can I block a lost credit card?,Call our hotline or use the banking app to block your card.
What are the symptoms of COVID-19?,"Symptoms include fever, cough, and difficulty breathing."
How can I book an appointment with a specialist?,You can book an appointment online or call our helpline.
What insurance plans do you accept?,We accept most major insurance providers. Please contact us for details.
What is your return policy?,Our return policy allows returns within 30 days of purchase.
How can I track my order?,You can track your order using the tracking ID sent to your email.
Are there any ongoing discounts or offers?,"Yes, visit our website to check the latest offers."
How can I activate a new SIM card?,"To activate a SIM, insert it and follow the activation instructions."
What should I do if my internet connection is slow?,Try restarting your router or contacting our support team.
How can I upgrade my data plan?,Visit our website or call customer care to upgrade your plan.
How do I apply for a personal loan?,You can apply online or visit the nearest branch.
What are the current interest rates for savings accounts?,The interest rate for savings accounts is 3.5% annually.
How can I block a lost credit card?,Call our hotline or use the banking app to block your card.
What are the symptoms of COVID-19?,"Symptoms include fever, cough, and difficulty breathing."
How can I book an appointment with a specialist?,You can book an appointment online or call our helpline.
What insurance plans do you accept?,We accept most major insurance providers. Please contact us for details.
What is your return policy?,Our return policy allows returns within 30 days of purchase.
How can I track my order?,You can track your order using the tracking ID sent to your email.
Are there any ongoing discounts or offers?,"Yes, visit our website to check the latest offers."
How can I activate a new SIM card?,"To activate a SIM, insert it and follow the activation instructions."
What should I do if my internet connection is slow?,Try restarting your router or contacting our support team.
How can I upgrade my data plan?,Visit our website or call customer care to upgrade your plan.
How do I apply for a personal loan?,You can apply online or visit the nearest branch.
What are the current interest rates for savings accounts?,The interest rate for savings accounts is 3.5% annually.
How can I block a lost credit card?,Call our hotline or use the banking app to block your card.
What are the symptoms of COVID-19?,"Symptoms include fever, cough, and difficulty breathing."
How can I book an appointment with a specialist?,You can book an appointment online or call our helpline.
What insurance plans do you accept?,We accept most major insurance providers. Please contact us for details.
What is your return policy?,Our return policy allows returns within 30 days of purchase.
How can I track my order?,You can track your order using the tracking ID sent to your email.
Are there any ongoing discounts or offers?,"Yes, visit our website to check the latest offers."
How can I activate a new SIM card?,"To activate a SIM, insert it and follow the activation instructions."
What should I do if my internet connection is slow?,Try restarting your router or contacting our support team.
How can I upgrade my data plan?,Visit our website or call customer care to upgrade your plan.
How do I apply for a personal loan?,You can apply online or visit the nearest branch.
What are the current interest rates for savings accounts?,The interest rate for savings accounts is 3.5% annually.
How can I block a lost credit card?,Call our hotline or use the banking app to block your card.
What are the symptoms of COVID-19?,"Symptoms include fever, cough, and difficulty breathing."
How can I book an appointment with a specialist?,You can book an appointment online or call our helpline.
What insurance plans do you accept?,We accept most major insurance providers. Please contact us for details.
What is your return policy?,Our return policy allows returns within 30 days of purchase.
How can I track my order?,You can track your order using the tracking ID sent to your email.
Are there any ongoing discounts or offers?,"Yes, visit our website to check the latest offers."
How can I activate a new SIM card?,"To activate a SIM, insert it and follow the activation instructions."
What should I do if my internet connection is slow?,Try restarting your router or contacting our support team.
How can I upgrade my data plan?,Visit our website or call customer care to upgrade your plan.
How do I apply for a personal loan?,You can apply online or visit the nearest branch.
What are the current interest rates for savings accounts?,The interest rate for savings accounts is 3.5% annually.
How can I block a lost credit card?,Call our hotline or use the banking app to block your card.
What are the symptoms of COVID-19?,"Symptoms include fever, cough, and difficulty breathing."
How can I book an appointment with a specialist?,You can book an appointment online or call our helpline.
What insurance plans do you accept?,We accept most major insurance providers. Please contact us for details.
What is your return policy?,Our return policy allows returns within 30 days of purchase.
How can I track my order?,You can track your order using the tracking ID sent to your email.
Are there any ongoing discounts or offers?,"Yes, visit our website to check the latest offers."
How can I activate a new SIM card?,"To activate a SIM, insert it and follow the activation instructions."
What should I do if my internet connection is slow?,Try restarting your router or contacting our support team.
How can I upgrade my data plan?,Visit our website or call customer care to upgrade your plan.
How do I apply for a personal loan?,You can apply online or visit the nearest branch.
What are the current interest rates for savings accounts?,The interest rate for savings accounts is 3.5% annually.
How can I block a lost credit card?,Call our hotline or use the banking app to block your card.
What are the symptoms of COVID-19?,"Symptoms include fever, cough, and difficulty breathing."
How can I book an appointment with a specialist?,You can book an appointment online or call our helpline.
What insurance plans do you accept?,We accept most major insurance providers. Please contact us for details.
What is your return policy?,Our return policy allows returns within 30 days of purchase.
How can I track my order?,You can track your order using the tracking ID sent to your email.
Are there any ongoing discounts or offers?,"Yes, visit our website to check the latest offers."
How can I activate a new SIM card?,"To activate a SIM, insert it and follow the activation instructions."
What should I do if my internet connection is slow?,Try restarting your router or contacting our support team.
How can I upgrade my data plan?,Visit our website or call customer care to upgrade your plan.
How do I apply for a personal loan?,You can apply online or visit the nearest branch.
What are the current interest rates for savings accounts?,The interest rate for savings accounts is 3.5% annually.
How can I block a lost credit card?,Call our hotline or use the banking app to block your card.
What are the symptoms of COVID-19?,"Symptoms include fever, cough, and difficulty breathing."
How can I book an appointment with a specialist?,You can book an appointment online or call our helpline.
What insurance plans do you accept?,We accept most major insurance providers. Please contact us for details.
What is your return policy?,Our return policy allows returns within 30 days of purchase.
How can I track my order?,You can track your order using the tracking ID sent to your email.
Are there any ongoing discounts or offers?,"Yes, visit our website to check the latest offers."
How can I activate a new SIM card?,"To activate a SIM, insert it and follow the activation instructions."
What should I do if my internet connection is slow?,Try restarting your router or contacting our support team.
How can I upgrade my data plan?,Visit our website or call customer care to upgrade your plan.
How do I apply for a personal loan?,You can apply online or visit the nearest branch.
What are the current interest rates for savings accounts?,The interest rate for savings accounts is 3.5% annually.
How can I block a lost credit card?,Call our hotline or use the banking app to block your card.
What are the symptoms of COVID-19?,"Symptoms include fever, cough, and difficulty breathing."
How can I book an appointment with a specialist?,You can book an appointment online or call our helpline.
What insurance plans do you accept?,We accept most major insurance providers. Please contact us for details.
What is your return policy?,Our return policy allows returns within 30 days of purchase.
How can I track my order?,You can track your order using the tracking ID sent to your email.
Are there any ongoing discounts or offers?,"Yes, visit our website to check the latest offers."
How can I activate a new SIM card?,"To activate a SIM, insert it and follow the activation instructions."
What should I do if my internet connection is slow?,Try restarting your router or contacting our support team.
How can I upgrade my data plan?,Visit our website or call customer care to upgrade your plan.
How do I apply for a personal loan?,You can apply online or visit the nearest branch.
What are the current interest rates for savings accounts?,The interest rate for savings accounts is 3.5% annually.
How can I block a lost credit card?,Call our hotline or use the banking app to block your card.
What are the symptoms of COVID-19?,"Symptoms include fever, cough, and difficulty breathing."
How can I book an appointment with a specialist?,You can book an appointment online or call our helpline.
What insurance plans do you accept?,We accept most major insurance providers. Please contact us for details.
What is your return policy?,Our return policy allows returns within 30 days of purchase.
How can I track my order?,You can track your order using the tracking ID sent to your email.
Are there any ongoing discounts or offers?,"Yes, visit our website to check the latest offers."
How can I activate a new SIM card?,"To activate a SIM, insert it and follow the activation instructions."
What should I do if my internet connection is slow?,Try restarting your router or contacting our support team.
How can I upgrade my data plan?,Visit our website or call customer care to upgrade your plan.
How do I apply for a personal loan?,You can apply online or visit the nearest branch.
What are the current interest rates for savings accounts?,The interest rate for savings accounts is 3.5% annually.
How can I block a lost credit card?,Call our hotline or use the banking app to block your card.
What are the symptoms of COVID-19?,"Symptoms include fever, cough, and difficulty breathing."
How can I book an appointment with a specialist?,You can book an appointment online or call our helpline.
What insurance plans do you accept?,We accept most major insurance providers. Please contact us for details.
What is your return policy?,Our return policy allows returns within 30 days of purchase.
How can I track my order?,You can track your order using the tracking ID sent to your email.
Are there any ongoing discounts or offers?,"Yes, visit our website to check the latest offers."
How can I activate a new SIM card?,"To activate a SIM, insert it and follow the activation instructions."
What should I do if my internet connection is slow?,Try restarting your router or contacting our support team.
How can I upgrade my data plan?,Visit our website or call customer care to upgrade your plan.
How do I apply for a personal loan?,You can apply online or visit the nearest branch.
What are the current interest rates for savings accounts?,The interest rate for savings accounts is 3.5% annually.
How can I block a lost credit card?,Call our hotline or use the banking app to block your card.
What are the symptoms of COVID-19?,"Symptoms include fever, cough, and difficulty breathing."
How can I book an appointment with a specialist?,You can book an appointment online or call our helpline.
What insurance plans do you accept?,We accept most major insurance providers. Please contact us for details.
What is your return policy?,Our return policy allows returns within 30 days of purchase.
How can I track my order?,You can track your order using the tracking ID sent to your email.
Are there any ongoing discounts or offers?,"Yes, visit our website to check the latest offers."
How can I activate a new SIM card?,"To activate a SIM, insert it and follow the activation instructions."
What should I do if my internet connection is slow?,Try restarting your router or contacting our support team.
How can I upgrade my data plan?,Visit our website or call customer care to upgrade your plan.
How do I apply for a personal loan?,You can apply online or visit the nearest branch.
What are the current interest rates for savings accounts?,The interest rate for savings accounts is 3.5% annually.
How can I block a lost credit card?,Call our hotline or use the banking app to block your card.
What are the symptoms of COVID-19?,"Symptoms include fever, cough, and difficulty breathing."
How can I book an appointment with a specialist?,You can book an appointment online or call our helpline.
What insurance plans do you accept?,We accept most major insurance providers. Please contact us for details.
What is your return policy?,Our return policy allows returns within 30 days of purchase.
How can I track my order?,You can track your order using the tracking ID sent to your email.
Are there any ongoing discounts or offers?,"Yes, visit our website to check the latest offers."
How can I activate a new SIM card?,"To activate a SIM, insert it and follow the activation instructions."
What should I do if my internet connection is slow?,Try restarting your router or contacting our support team.
How can I upgrade my data plan?,Visit our website or call customer care to upgrade your plan.
How do I apply for a personal loan?,You can apply online or visit the nearest branch.
What are the current interest rates for savings accounts?,The interest rate for savings accounts is 3.5% annually.
How can I block a lost credit card?,Call our hotline or use the banking app to block your card.
What are the symptoms of COVID-19?,"Symptoms include fever, cough, and difficulty breathing."
How can I book an appointment with a specialist?,You can book an appointment online or call our helpline.
What insurance plans do you accept?,We accept most major insurance providers. Please contact us for details.
What is your return policy?,Our return policy allows returns within 30 days of purchase.
How can I track my order?,You can track your order using the tracking ID sent to your email.
Are there any ongoing discounts or offers?,"Yes, visit our website to check the latest offers."
How can I activate a new SIM card?,"To activate a SIM, insert it and follow the activation instructions."
What should I do if my internet connection is slow?,Try restarting your router or contacting our support team.
How can I upgrade my data plan?,Visit our website or call customer care to upgrade your plan.
How do I apply for a personal loan?,You can apply online or visit the nearest branch.
What are the current interest rates for savings accounts?,The interest rate for savings accounts is 3.5% annually.
How can I block a lost credit card?,Call our hotline or use the banking app to block your card.
What are the symptoms of COVID-19?,"Symptoms include fever, cough, and difficulty breathing."
How can I book an appointment with a specialist?,You can book an appointment online or call our helpline.
What insurance plans do you accept?,We accept most major insurance providers. Please contact us for details.
What is your return policy?,Our return policy allows returns within 30 days of purchase.
How can I track my order?,You can track your order using the tracking ID sent to your email.
Are there any ongoing discounts or offers?,"Yes, visit our website to check the latest offers."
How can I activate a new SIM card?,"To activate a SIM, insert it and follow the activation instructions."
What should I do if my internet connection is slow?,Try restarting your router or contacting our support team.
How can I upgrade my data plan?,Visit our website or call customer care to upgrade your plan.
How do I apply for a personal loan?,You can apply online or visit the nearest branch.
What are the current interest rates for savings accounts?,The interest rate for savings accounts is 3.5% annually.
How can I block a lost credit card?,Call our hotline or use the banking app to block your card.
What are the symptoms of COVID-19?,"Symptoms include fever, cough, and difficulty breathing."
How can I book an appointment with a specialist?,You can book an appointment online or call our helpline.
What insurance plans do you accept?,We accept most major insurance providers. Please contact us for details.
What is your return policy?,Our return policy allows returns within 30 days of purchase.
How can I track my order?,You can track your order using the tracking ID sent to your email.
Are there any ongoing discounts or offers?,"Yes, visit our website to check the latest offers."
How can I activate a new SIM card?,"To activate a SIM, insert it and follow the activation instructions."
What should I do if my internet connection is slow?,Try restarting your router or contacting our support team.
How can I upgrade my data plan?,Visit our website or call customer care to upgrade your plan.
How do I apply for a personal loan?,You can apply online or visit the nearest branch.
What are the current interest rates for savings accounts?,The interest rate for savings accounts is 3.5% annually.
How can I block a lost credit card?,Call our hotline or use the banking app to block your card.
What are the symptoms of COVID-19?,"Symptoms include fever, cough, and difficulty breathing."
How can I book an appointment with a specialist?,You can book an appointment online or call our helpline.
What insurance plans do you accept?,We accept most major insurance providers. Please contact us for details.
What is your return policy?,Our return policy allows returns within 30 days of purchase.
How can I track my order?,You can track your order using the tracking ID sent to your email.
Are there any ongoing discounts or offers?,"Yes, visit our website to check the latest offers."
How can I activate a new SIM card?,"To activate a SIM, insert it and follow the activation instructions."
What should I do if my internet connection is slow?,Try restarting your router or contacting our support team.
How can I upgrade my data plan?,Visit our website or call customer care to upgrade your plan.
How do I apply for a personal loan?,You can apply online or visit the nearest branch.
What are the current interest rates for savings accounts?,The interest rate for savings accounts is 3.5% annually.
How can I block a lost credit card?,Call our hotline or use the banking app to block your card.
What are the symptoms of COVID-19?,"Symptoms include fever, cough, and difficulty breathing."
How can I book an appointment with a specialist?,You can book an appointment online or call our helpline.
What insurance plans do you accept?,We accept most major insurance providers. Please contact us for details.
What is your return policy?,Our return policy allows returns within 30 days of purchase.
How can I track my order?,You can track your order using the tracking ID sent to your email.
Are there any ongoing discounts or offers?,"Yes, visit our website to check the latest offers."
How can I activate a new SIM card?,"To activate a SIM, insert it and follow the activation instructions."
What should I do if my internet connection is slow?,Try restarting your router or contacting our support team.
How can I upgrade my data plan?,Visit our website or call customer care to upgrade your plan.
How do I apply for a personal loan?,You can apply online or visit the nearest branch.
What are the current interest rates for savings accounts?,The interest rate for savings accounts is 3.5% annually.
How can I block a lost credit card?,Call our hotline or use the banking app to block your card.
What are the symptoms of COVID-19?,"Symptoms include fever, cough, and difficulty breathing."
How can I book an appointment with a specialist?,You can book an appointment online or call our helpline.
What insurance plans do you accept?,We accept most major insurance providers. Please contact us for details.
What is your return policy?,Our return policy allows returns within 30 days of purchase.
How can I track my order?,You can track your order using the tracking ID sent to your email.
Are there any ongoing discounts or offers?,"Yes, visit our website to check the latest offers."
How can I activate a new SIM card?,"To activate a SIM, insert it and follow the activation instructions."
What should I do if my internet connection is slow?,Try restarting your router or contacting our support team.
How can I upgrade my data plan?,Visit our website or call customer care to upgrade your plan.
How do I apply for a personal loan?,You can apply online or visit the nearest branch.
What are the current interest rates for savings accounts?,The interest rate for savings accounts is 3.5% annually.
How can I block a lost credit card?,Call our hotline or use the banking app to block your card.
What are the symptoms of COVID-19?,"Symptoms include fever, cough, and difficulty breathing."
How can I book an appointment with a specialist?,You can book an appointment online or call our helpline.
What insurance plans do you accept?,We accept most major insurance providers. Please contact us for details.
What is your return policy?,Our return policy allows returns within 30 days of purchase.
How can I track my order?,You can track your order using the tracking ID sent to your email.
Are there any ongoing discounts or offers?,"Yes, visit our website to check the latest offers."
How can I activate a new SIM card?,"To activate a SIM, insert it and follow the activation instructions."
What should I do if my internet connection is slow?,Try restarting your router or contacting our support team.
How can I upgrade my data plan?,Visit our website or call customer care to upgrade your plan.
How do I apply for a personal loan?,You can apply online or visit the nearest branch.
What are the current interest rates for savings accounts?,The interest rate for savings accounts is 3.5% annually.
How can I block a lost credit card?,Call our hotline or use the banking app to block your card.
What are the symptoms of COVID-19?,"Symptoms include fever, cough, and difficulty breathing."
How can I book an appointment with a specialist?,You can book an appointment online or call our helpline.
What insurance plans do you accept?,We accept most major insurance providers. Please contact us for details.
What is your return policy?,Our return policy allows returns within 30 days of purchase.
How can I track my order?,You can track your order using the tracking ID sent to your email.
Are there any ongoing discounts or offers?,"Yes, visit our website to check the latest offers."
How can I activate a new SIM card?,"To activate a SIM, insert it and follow the activation instructions."
What should I do if my internet connection is slow?,Try restarting your router or contacting our support team.
How can I upgrade my data plan?,Visit our website or call customer care to upgrade your plan.
How do I apply for a personal loan?,You can apply online or visit the nearest branch.
What are the current interest rates for savings accounts?,The interest rate for savings accounts is 3.5% annually.
How can I block a lost credit card?,Call our hotline or use the banking app to block your card.
What are the symptoms of COVID-19?,"Symptoms include fever, cough, and difficulty breathing."
How can I book an appointment with a specialist?,You can book an appointment online or call our helpline.
What insurance plans do you accept?,We accept most major insurance providers. Please contact us for details.
What is your return policy?,Our return policy allows returns within 30 days of purchase.
How can I track my order?,You can track your order using the tracking ID sent to your email.
Are there any ongoing discounts or offers?,"Yes, visit our website to check the latest offers."
How can I activate a new SIM card?,"To activate a SIM, insert it and follow the activation instructions."
What should I do if my internet connection is slow?,Try restarting your router or contacting our support team.
How can I upgrade my data plan?,Visit our website or call customer care to upgrade your plan.
How do I apply for a personal loan?,You can apply online or visit the nearest branch.
What are the current interest rates for savings accounts?,The interest rate for savings accounts is 3.5% annually.
How can I block a lost credit card?,Call our hotline or use the banking app to block your card.
What are the symptoms of COVID-19?,"Symptoms include fever, cough, and difficulty breathing."
How can I book an appointment with a specialist?,You can book an appointment online or call our helpline.
What insurance plans do you accept?,We accept most major insurance providers. Please contact us for details.
What is your return policy?,Our return policy allows returns within 30 days of purchase.
How can I track my order?,You can track your order using the tracking ID sent to your email.
Are there any ongoing discounts or offers?,"Yes, visit our website to check the latest offers."
How can I activate a new SIM card?,"To activate a SIM, insert it and follow the activation instructions."
What should I do if my internet connection is slow?,Try restarting your router or contacting our support team.
How can I upgrade my data plan?,Visit our website or call customer care to upgrade your plan.
How do I apply for a personal loan?,You can apply online or visit the nearest branch.
What are the current interest rates for savings accounts?,The interest rate for savings accounts is 3.5% annually.
How can I block a lost credit card?,Call our hotline or use the banking app to block your card.
What are the symptoms of COVID-19?,"Symptoms include fever, cough, and difficulty breathing."
How can I book an appointment with a specialist?,You can book an appointment online or call our helpline.
What insurance plans do you accept?,We accept most major insurance providers. Please contact us for details.
What is your return policy?,Our return policy allows returns within 30 days of purchase.
How can I track my order?,You can track your order using the tracking ID sent to your email.
Are there any ongoing discounts or offers?,"Yes, visit our website to check the latest offers."
How can I activate a new SIM card?,"To activate a SIM, insert it and follow the activation instructions."
What should I do if my internet connection is slow?,Try restarting your router or contacting our support team.
How can I upgrade my data plan?,Visit our website or call customer care to upgrade your plan.
How do I apply for a personal loan?,You can apply online or visit the nearest branch.
What are the current interest rates for savings accounts?,The interest rate for savings accounts is 3.5% annually.
How can I block a lost credit card?,Call our hotline or use the banking app to block your card.
What are the symptoms of COVID-19?,"Symptoms include fever, cough, and difficulty breathing."
How can I book an appointment with a specialist?,You can book an appointment online or call our helpline.
What insurance plans do you accept?,We accept most major insurance providers. Please contact us for details.
What is your return policy?,Our return policy allows returns within 30 days of purchase.
How can I track my order?,You can track your order using the tracking ID sent to your email.
Are there any ongoing discounts or offers?,"Yes, visit our website to check the latest offers."
How can I activate a new SIM card?,"To activate a SIM, insert it and follow the activation instructions."
What should I do if my internet connection is slow?,Try restarting your router or contacting our support team.
How can I upgrade my data plan?,Visit our website or call customer care to upgrade your plan.
How do I apply for a personal loan?,You can apply online or visit the nearest branch.
What are the current interest rates for savings accounts?,The interest rate for savings accounts is 3.5% annually.
How can I block a lost credit card?,Call our hotline or use the banking app to block your card.
What are the symptoms of COVID-19?,"Symptoms include fever, cough, and difficulty breathing."
How can I book an appointment with a specialist?,You can book an appointment online or call our helpline.
What insurance plans do you accept?,We accept most major insurance providers. Please contact us for details.
What is your return policy?,Our return policy allows returns within 30 days of purchase.
How can I track my order?,You can track your order using the tracking ID sent to your email.
Are there any ongoing discounts or offers?,"Yes, visit our website to check the latest offers."
How can I activate a new SIM card?,"To activate a SIM, insert it and follow the activation instructions."
What should I do if my internet connection is slow?,Try restarting your router or contacting our support team.
How can I upgrade my data plan?,Visit our website or call customer care to upgrade your plan.
How do I apply for a personal loan?,You can apply online or visit the nearest branch.
What are the current interest rates for savings accounts?,The interest rate for savings accounts is 3.5% annually.
How can I block a lost credit card?,Call our hotline or use the banking app to block your card.
What are the symptoms of COVID-19?,"Symptoms include fever, cough, and difficulty breathing."
How can I book an appointment with a specialist?,You can book an appointment online or call our helpline.
What insurance plans do you accept?,We accept most major insurance providers. Please contact us for details.
What is your return policy?,Our return policy allows returns within 30 days of purchase.
How can I track my order?,You can track your order using the tracking ID sent to your email.
Are there any ongoing discounts or offers?,"Yes, visit our website to check the latest offers."
How can I activate a new SIM card?,"To activate a SIM, insert it and follow the activation instructions."
What should I do if my internet connection is slow?,Try restarting your router or contacting our support team.
How can I upgrade my data plan?,Visit our website or call customer care to upgrade your plan.
How do I apply for a personal loan?,You can apply online or visit the nearest branch.
What are the current interest rates for savings accounts?,The interest rate for savings accounts is 3.5% annually.
How can I block a lost credit card?,Call our hotline or use the banking app to block your card.
What are the symptoms of COVID-19?,"Symptoms include fever, cough, and difficulty breathing."
How can I book an appointment with a specialist?,You can book an appointment online or call our helpline.
What insurance plans do you accept?,We accept most major insurance providers. Please contact us for details.
What is your return policy?,Our return policy allows returns within 30 days of purchase.
How can I track my order?,You can track your order using the tracking ID sent to your email.
Are there any ongoing discounts or offers?,"Yes, visit our website to check the latest offers."
How can I activate a new SIM card?,"To activate a SIM, insert it and follow the activation instructions."
What should I do if my internet connection is slow?,Try restarting your router or contacting our support team.
How can I upgrade my data plan?,Visit our website or call customer care to upgrade your plan.
How do I apply for a personal loan?,You can apply online or visit the nearest branch.
What are the current interest rates for savings accounts?,The interest rate for savings accounts is 3.5% annually.
How can I block a lost credit card?,Call our hotline or use the banking app to block your card.
What are the symptoms of COVID-19?,"Symptoms include fever, cough, and difficulty breathing."
How can I book an appointment with a specialist?,You can book an appointment online or call our helpline.
What insurance plans do you accept?,We accept most major insurance providers. Please contact us for details.
What is your return policy?,Our return policy allows returns within 30 days of purchase.
How can I track my order?,You can track your order using the tracking ID sent to your email.
Are there any ongoing discounts or offers?,"Yes, visit our website to check the latest offers."
How can I activate a new SIM card?,"To activate a SIM, insert it and follow the activation instructions."
What should I do if my internet connection is slow?,Try restarting your router or contacting our support team.
How can I upgrade my data plan?,Visit our website or call customer care to upgrade your plan.
How do I apply for a personal loan?,You can apply online or visit the nearest branch.
What are the current interest rates for savings accounts?,The interest rate for savings accounts is 3.5% annually.
How can I block a lost credit card?,Call our hotline or use the banking app to block your card.
What are the symptoms of COVID-19?,"Symptoms include fever, cough, and difficulty breathing."
How can I book an appointment with a specialist?,You can book an appointment online or call our helpline.
What insurance plans do you accept?,We accept most major insurance providers. Please contact us for details.
What is your return policy?,Our return policy allows returns within 30 days of purchase.
How can I track my order?,You can track your order using the tracking ID sent to your email.
Are there any ongoing discounts or offers?,"Yes, visit our website to check the latest offers."
How can I activate a new SIM card?,"To activate a SIM, insert it and follow the activation instructions."
What should I do if my internet connection is slow?,Try restarting your router or contacting our support team.
How can I upgrade my data plan?,Visit our website or call customer care to upgrade your plan.
How do I apply for a personal loan?,You can apply online or visit the nearest branch.
What are the current interest rates for savings accounts?,The interest rate for savings accounts is 3.5% annually.
How can I block a lost credit card?,Call our hotline or use the banking app to block your card.
What are the symptoms of COVID-19?,"Symptoms include fever, cough, and difficulty breathing."
How can I book an appointment with a specialist?,You can book an appointment online or call our helpline.
What insurance plans do you accept?,We accept most major insurance providers. Please contact us for details.
What is your return policy?,Our return policy allows returns within 30 days of purchase.
How can I track my order?,You can track your order using the tracking ID sent to your email.
Are there any ongoing discounts or offers?,"Yes, visit our website to check the latest offers."
How can I activate a new SIM card?,"To activate a SIM, insert it and follow the activation instructions."
What should I do if my internet connection is slow?,Try restarting your router or contacting our support team.
How can I upgrade my data plan?,Visit our website or call customer care to upgrade your plan.
How do I apply for a personal loan?,You can apply online or visit the nearest branch.
What are the current interest rates for savings accounts?,The interest rate for savings accounts is 3.5% annually.
How can I block a lost credit card?,Call our hotline or use the banking app to block your card.
What are the symptoms of COVID-19?,"Symptoms include fever, cough, and difficulty breathing."
How can I book an appointment with a specialist?,You can book an appointment online or call our helpline.
What insurance plans do you accept?,We accept most major insurance providers. Please contact us for details.
What is your return policy?,Our return policy allows returns within 30 days of purchase.
How can I track my order?,You can track your order using the tracking ID sent to your email.
Are there any ongoing discounts or offers?,"Yes, visit our website to check the latest offers."
How can I activate a new SIM card?,"To activate a SIM, insert it and follow the activation instructions."
What should I do if my internet connection is slow?,Try restarting your router or contacting our support team.
How can I upgrade my data plan?,Visit our website or call customer care to upgrade your plan.
How do I apply for a personal loan?,You can apply online or visit the nearest branch.
What are the current interest rates for savings accounts?,The interest rate for savings accounts is 3.5% annually.
How can I block a lost credit card?,Call our hotline or use the banking app to block your card.
What are the symptoms of COVID-19?,"Symptoms include fever, cough, and difficulty breathing."
How can I book an appointment with a specialist?,You can book an appointment online or call our helpline.
What insurance plans do you accept?,We accept most major insurance providers. Please contact us for details.
What is your return policy?,Our return policy allows returns within 30 days of purchase.
How can I track my order?,You can track your order using the tracking ID sent to your email.
Are there any ongoing discounts or offers?,"Yes, visit our website to check the latest offers."
How can I activate a new SIM card?,"To activate a SIM, insert it and follow the activation instructions."
What should I do if my internet connection is slow?,Try restarting your router or contacting our support team.
How can I upgrade my data plan?,Visit our website or call customer care to upgrade your plan.
How do I apply for a personal loan?,You can apply online or visit the nearest branch.
What are the current interest rates for savings accounts?,The interest rate for savings accounts is 3.5% annually.
How can I block a lost credit card?,Call our hotline or use the banking app to block your card.
What are the symptoms of COVID-19?,"Symptoms include fever, cough, and difficulty breathing."
How can I book an appointment with a specialist?,You can book an appointment online or call our helpline.
What insurance plans do you accept?,We accept most major insurance providers. Please contact us for details.
What is your return policy?,Our return policy allows returns within 30 days of purchase.
How can I track my order?,You can track your order using the tracking ID sent to your email.
Are there any ongoing discounts or offers?,"Yes, visit our website to check the latest offers."
How can I activate a new SIM card?,"To activate a SIM, insert it and follow the activation instructions."
What should I do if my internet connection is slow?,Try restarting your router or contacting our support team.
How can I upgrade my data plan?,Visit our website or call customer care to upgrade your plan.
How do I apply for a personal loan?,You can apply online or visit the nearest branch.
What are the current interest rates for savings accounts?,The interest rate for savings accounts is 3.5% annually.
How can I block a lost credit card?,Call our hotline or use the banking app to block your card.
What are the symptoms of COVID-19?,"Symptoms include fever, cough, and difficulty breathing."
How can I book an appointment with a specialist?,You can book an appointment online or call our helpline.
What insurance plans do you accept?,We accept most major insurance providers. Please contact us for details.
What is your return policy?,Our return policy allows returns within 30 days of purchase.
How can I track my order?,You can track your order using the tracking ID sent to your email.
Are there any ongoing discounts or offers?,"Yes, visit our website to check the latest offers."
How can I activate a new SIM card?,"To activate a SIM, insert it and follow the activation instructions."
What should I do if my internet connection is slow?,Try restarting your router or contacting our support team.
How can I upgrade my data plan?,Visit our website or call customer care to upgrade your plan.
How do I apply for a personal loan?,You can apply online or visit the nearest branch.
What are the current interest rates for savings accounts?,The interest rate for savings accounts is 3.5% annually.
How can I block a lost credit card?,Call our hotline or use the banking app to block your card.
What are the symptoms of COVID-19?,"Symptoms include fever, cough, and difficulty breathing."
How can I book an appointment with a specialist?,You can book an appointment online or call our helpline.
What insurance plans do you accept?,We accept most major insurance providers. Please contact us for details.
What is your return policy?,Our return policy allows returns within 30 days of purchase.
How can I track my order?,You can track your order using the tracking ID sent to your email.
Are there any ongoing discounts or offers?,"Yes, visit our website to check the latest offers."
How can I activate a new SIM card?,"To activate a SIM, insert it and follow the activation instructions."
What should I do if my internet connection is slow?,Try restarting your router or contacting our support team.
How can I upgrade my data plan?,Visit our website or call customer care to upgrade your plan.
How do I apply for a personal loan?,You can apply online or visit the nearest branch.
What are the current interest rates for savings accounts?,The interest rate for savings accounts is 3.5% annually.
How can I block a lost credit card?,Call our hotline or use the banking app to block your card.
What are the symptoms of COVID-19?,"Symptoms include fever, cough, and difficulty breathing."
How can I book an appointment with a specialist?,You can book an appointment online or call our helpline.
What insurance plans do you accept?,We accept most major insurance providers. Please contact us for details.
What is your return policy?,Our return policy allows returns within 30 days of purchase.
How can I track my order?,You can track your order using the tracking ID sent to your email.
Are there any ongoing discounts or offers?,"Yes, visit our website to check the latest offers."
How can I activate a new SIM card?,"To activate a SIM, insert it and follow the activation instructions."
What should I do if my internet connection is slow?,Try restarting your router or contacting our support team.
How can I upgrade my data plan?,Visit our website or call customer care to upgrade your plan.
How do I apply for a personal loan?,You can apply online or visit the nearest branch.
What are the current interest rates for savings accounts?,The interest rate for savings accounts is 3.5% annually.
How can I block a lost credit card?,Call our hotline or use the banking app to block your card.
What are the symptoms of COVID-19?,"Symptoms include fever, cough, and difficulty breathing."
How can I book an appointment with a specialist?,You can book an appointment online or call our helpline.
What insurance plans do you accept?,We accept most major insurance providers. Please contact us for details.
What is your return policy?,Our return policy allows returns within 30 days of purchase.
How can I track my order?,You can track your order using the tracking ID sent to your email.
Are there any ongoing discounts or offers?,"Yes, visit our website to check the latest offers."
How can I activate a new SIM card?,"To activate a SIM, insert it and follow the activation instructions."
What should I do if my internet connection is slow?,Try restarting your router or contacting our support team.
How can I upgrade my data plan?,Visit our website or call customer care to upgrade your plan.
How do I apply for a personal loan?,You can apply online or visit the nearest branch.
What are the current interest rates for savings accounts?,The interest rate for savings accounts is 3.5% annually.
How can I block a lost credit card?,Call our hotline or use the banking app to block your card.
What are the symptoms of COVID-19?,"Symptoms include fever, cough, and difficulty breathing."
How can I book an appointment with a specialist?,You can book an appointment online or call our helpline.
What insurance plans do you accept?,We accept most major insurance providers. Please contact us for details.
What is your return policy?,Our return policy allows returns within 30 days of purchase.
How can I track my order?,You can track your order using the tracking ID sent to your email.
Are there any ongoing discounts or offers?,"Yes, visit our website to check the latest offers."
How can I activate a new SIM card?,"To activate a SIM, insert it and follow the activation instructions."
What should I do if my internet connection is slow?,Try restarting your router or contacting our support team.
How can I upgrade my data plan?,Visit our website or call customer care to upgrade your plan.
How do I apply for a personal loan?,You can apply online or visit the nearest branch.
What are the current interest rates for savings accounts?,The interest rate for savings accounts is 3.5% annually.
How can I block a lost credit card?,Call our hotline or use the banking app to block your card.
What are the symptoms of COVID-19?,"Symptoms include fever, cough, and difficulty breathing."
How can I book an appointment with a specialist?,You can book an appointment online or call our helpline.
What insurance plans do you accept?,We accept most major insurance providers. Please contact us for details.
What is your return policy?,Our return policy allows returns within 30 days of purchase.
How can I track my order?,You can track your order using the tracking ID sent to your email.
Are there any ongoing discounts or offers?,"Yes, visit our website to check the latest offers."
How can I activate a new SIM card?,"To activate a SIM, insert it and follow the activation instructions."
What should I do if my internet connection is slow?,Try restarting your router or contacting our support team.
How can I upgrade my data plan?,Visit our website or call customer care to upgrade your plan.
How do I apply for a personal loan?,You can apply online or visit the nearest branch.
What are the current interest rates for savings accounts?,The interest rate for savings accounts is 3.5% annually.
How can I block a lost credit card?,Call our hotline or use the banking app to block your card.
What are the symptoms of COVID-19?,"Symptoms include fever, cough, and difficulty breathing."
How can I book an appointment with a specialist?,You can book an appointment online or call our helpline.
What insurance plans do you accept?,We accept most major insurance providers. Please contact us for details.
What is your return policy?,Our return policy allows returns within 30 days of purchase.
How can I track my order?,You can track your order using the tracking ID sent to your email.
Are there any ongoing discounts or offers?,"Yes, visit our website to check the latest offers."
How can I activate a new SIM card?,"To activate a SIM, insert it and follow the activation instructions."
What should I do if my internet connection is slow?,Try restarting your router or contacting our support team.
How can I upgrade my data plan?,Visit our website or call customer care to upgrade your plan.
How do I apply for a personal loan?,You can apply online or visit the nearest branch.
What are the current interest rates for savings accounts?,The interest rate for savings accounts is 3.5% annually.
How can I block a lost credit card?,Call our hotline or use the banking app to block your card.
What are the symptoms of COVID-19?,"Symptoms include fever, cough, and difficulty breathing."
How can I book an appointment with a specialist?,You can book an appointment online or call our helpline.
What insurance plans do you accept?,We accept most major insurance providers. Please contact us for details.
What is your return policy?,Our return policy allows returns within 30 days of purchase.
How can I track my order?,You can track your order using the tracking ID sent to your email.
Are there any ongoing discounts or offers?,"Yes, visit our website to check the latest offers."
How can I activate a new SIM card?,"To activate a SIM, insert it and follow the activation instructions."
What should I do if my internet connection is slow?,Try restarting your router or contacting our support team.
How can I upgrade my data plan?,Visit our website or call customer care to upgrade your plan.
How do I apply for a personal loan?,You can apply online or visit the nearest branch.
What are the current interest rates for savings accounts?,The interest rate for savings accounts is 3.5% annually.
How can I block a lost credit card?,Call our hotline or use the banking app to block your card.
What are the symptoms of COVID-19?,"Symptoms include fever, cough, and difficulty breathing."
How can I book an appointment with a specialist?,You can book an appointment online or call our helpline.
What insurance plans do you accept?,We accept most major insurance providers. Please contact us for details.
What is your return policy?,Our return policy allows returns within 30 days of purchase.
How can I track my order?,You can track your order using the tracking ID sent to your email.
Are there any ongoing discounts or offers on headphones?,"Yes, visit our website to check the latest offers."
How can I activate a new SIM card?,"To activate a SIM, insert it and follow the activation instructions."
What should I do if my internet connection is slow?,Try restarting your router or contacting our support team.
How can I upgrade my data plan?,Visit our website or call customer care to upgrade your plan.
How do I apply for a personal loan?,You can apply online or visit the nearest branch.
What are the current interest rates for savings accounts?,The interest rate for savings accounts is 3.5% annually.
How can I block a lost credit card?,Call our hotline or use the banking app to block your card.
How can I order prescription medication online?,Log in to your account on our healthcare portal.,Navigate to the "Pharmacy" section.,Upload your prescription or select from past prescriptions.,Add the medication to your cart.,Proceed to checkout and select delivery options.
I have a headache. Can you suggest something?,For a mild headache, take over-the-counter pain relievers like ibuprofen or acetaminophen.,Stay hydrated and rest.,If the headache persists, consult a doctor.
Can I book an appointment with a specialist?,Go to the "Appointments" section on our website or app.,Select the specialty you need.,Choose a preferred date and time.,Confirm your booking.
Can you help me find a product for my home office setup?,Chair: Ergonomic office chair with lumbar support.,Desk: Adjustable standing desk.,Lighting: LED desk lamp with adjustable brightness.,Let me know if you'd like to add any of these to your cart.
How do I place an order for a product I like?,Browse the product catalog and select the item.,Click "Add to Cart.",Go to your cart and review the items.,Proceed to checkout, enter your shipping details, and complete the payment.
Can you suggest a gift for someone who loves cooking?,High-quality knife set.,Cast-iron skillet.,Food processor.,Let me know if you'd like help placing the order.
How can I upgrade my data plan?,Log in to your account on our website or app.,Go to "My Plans" and select "Change Plan.",Browse available options and choose a new plan.,Confirm the changes.
Can you suggest a phone for a photography enthusiast?,Brand A: Model X Pro with a 108 MP camera.,Brand B: Model Y Ultra with 5x optical zoom.,Let me know if youd like me to assist you in ordering one.
My internet is slow. What should I do?,Restart your router.,Check for ongoing downloads or devices consuming bandwidth.,Perform a speed test to check your connection.,If the issue persists, contact customer support.
How can I open a savings account?,Visit your nearest branch or go to our online portal.,Fill out the application form and upload your ID documents.,Deposit the minimum required amount.,Your account will be activated within 24 hours.
Can you suggest the best credit card for shopping?,Platinum Shopping Card: Earn 5% cashback on groceries.,Travel Rewards Card: Get discounts on flights and hotels.,Everyday Card: Earn points on all purchases.,Let me know if youd like help applying for one.
How do I transfer money to another account?,Log in to your banking app.,Select "Fund Transfer" from the menu.,Enter the recipients account details.,Confirm the amount and initiate the transfer.
I want to order a custom cake. How do I do it?,Go to our bakery section and select "Custom Orders.",Choose the cake size, flavor, and design.,Add any special instructions, like text on the cake.,Place your order and select the delivery date.
Can you help me fix my washing machine?,Ensure the power supply is connected.,Check for blockages in the drain hose.,Clean the filter and check for leaks.,If it still doesnt work, contact a technician.
Can you recommend a laptop for programming?,Budget-friendly: Laptop A with 16GB RAM and SSD.,High Performance: Laptop B with 32GB RAM and a dedicated GPU.,Would you like help placing the order?